<?xml version="1.0" encoding="UTF-8"?><rss version="2.0"
	xmlns:content="http://purl.org/rss/1.0/modules/content/"
	xmlns:wfw="http://wellformedweb.org/CommentAPI/"
	xmlns:dc="http://purl.org/dc/elements/1.1/"
	xmlns:atom="http://www.w3.org/2005/Atom"
	xmlns:sy="http://purl.org/rss/1.0/modules/syndication/"
	xmlns:slash="http://purl.org/rss/1.0/modules/slash/"
	>

<channel>
	<title>Documentation &#8211; Coordinoter</title>
	<atom:link href="/posts/docs/feed/" rel="self" type="application/rss+xml" />
	<link>/</link>
	<description>Intelligent AI Driven CRM Software for Support Coordinators</description>
	<lastBuildDate>Mon, 12 Aug 2024 03:08:16 +0000</lastBuildDate>
	<language>en-AU</language>
	<sy:updatePeriod>
	hourly	</sy:updatePeriod>
	<sy:updateFrequency>
	1	</sy:updateFrequency>
	<generator>https://wordpress.org/?v=6.6.1</generator>

<image>
	<url>/wp-content/uploads/2024/08/Untitled-design-3-150x150.png</url>
	<title>Documentation &#8211; Coordinoter</title>
	<link>/</link>
	<width>32</width>
	<height>32</height>
</image> 
	<item>
		<title>Test Article Three</title>
		<link>/test-article-three/</link>
					<comments>/test-article-three/#respond</comments>
		
		<dc:creator><![CDATA[Team]]></dc:creator>
		<pubDate>Mon, 12 Aug 2024 03:08:16 +0000</pubDate>
				<category><![CDATA[Documentation]]></category>
		<guid isPermaLink="false">/?p=11040</guid>

					<description><![CDATA[]]></description>
										<content:encoded><![CDATA[]]></content:encoded>
					
					<wfw:commentRss>/test-article-three/feed/</wfw:commentRss>
			<slash:comments>0</slash:comments>
		
		
			</item>
		<item>
		<title>Test Article Two</title>
		<link>/test-article-two/</link>
					<comments>/test-article-two/#respond</comments>
		
		<dc:creator><![CDATA[Team]]></dc:creator>
		<pubDate>Mon, 12 Aug 2024 03:07:33 +0000</pubDate>
				<category><![CDATA[Documentation]]></category>
		<guid isPermaLink="false">/?p=11038</guid>

					<description><![CDATA[]]></description>
										<content:encoded><![CDATA[]]></content:encoded>
					
					<wfw:commentRss>/test-article-two/feed/</wfw:commentRss>
			<slash:comments>0</slash:comments>
		
		
			</item>
		<item>
		<title>Test Article One</title>
		<link>/test-article-one/</link>
					<comments>/test-article-one/#respond</comments>
		
		<dc:creator><![CDATA[Team]]></dc:creator>
		<pubDate>Mon, 12 Aug 2024 03:03:30 +0000</pubDate>
				<category><![CDATA[Documentation]]></category>
		<guid isPermaLink="false">/?p=11036</guid>

					<description><![CDATA[]]></description>
										<content:encoded><![CDATA[]]></content:encoded>
					
					<wfw:commentRss>/test-article-one/feed/</wfw:commentRss>
			<slash:comments>0</slash:comments>
		
		
			</item>
	</channel>
</rss>
